id	langvar	txt	txt_degr	meaning	langvar_uid
26516741	11806	ହୋ	ହୋ	37220895	hoc-005
26469726	11786	𑢹𑣉𑣉 𑣎𑣋𑣜	𑣙𑣉𑣉𑣎𑣋𑣜	37202408	hoc-004
24835239	10744	Ghatshila Ho	ghatshilaho	35686679	hoc-001
24835240	10745	Ghoraduba Ho	ghoradubaho	35686680	hoc-002
24835241	10746	Ma’lidu Ho	maliduho	35686681	hoc-003
25006634	10745	aiˈjɛ	aijɛ	32586666	hoc-002
25006772	10744	am	am	32586823	hoc-001
25006773	10745	am	am	32586824	hoc-002
25006774	10746	am	am	32586825	hoc-003
25006827	10744	apaˈrob˺	aparob	32586883	hoc-001
25006827	10744	apaˈrob˺	aparob	32586884	hoc-001
25006828	10745	apaˈrob˺	aparob	32586885	hoc-002
25006843	10745	apiˈjɛ	apijɛ	32586900	hoc-002
25006851	10744	apənaˈʔa	apənaʔa	32586908	hoc-001
25006894	10745	areˈja	areja	32586953	hoc-002
25006938	10744	arˈki	arki	32587002	hoc-001
25006939	10745	arˈki	arki	32587003	hoc-002
25006940	10746	arˈki	arki	32587004	hoc-003
25007043	10745	aɲ ˈge	aɲge	32587112	hoc-002
25007044	10744	aɲ	aɲ	32587113	hoc-001
25007045	10745	aɲ	aɲ	32587114	hoc-002
25007046	10746	aɲ	aɲ	32587115	hoc-003
25007105	10744	aʔ ˈsar	aʔsar	32587175	hoc-001
25007113	10745	aʔa ˈsar	aʔasar	32587183	hoc-002
25007117	10745	aˈben	aben	32587187	hoc-002
25007118	10746	aˈben	aben	32587188	hoc-003
25007124	10746	aˈijə	aijə	32587194	hoc-003
25007126	10744	aˈiɛ	aiɛ	32587196	hoc-001
25007133	10744	aˈjub˺ siˌᵑgi	ajubsiŋgi	32587203	hoc-001
25007134	10745	aˈjub˺	ajub	32587204	hoc-002
25007135	10746	aˈjub˺	ajub	32587205	hoc-003
25007142	10746	aˈko	ako	32587212	hoc-003
25007142	10746	aˈko	ako	32587214	hoc-003
25007150	10745	aˈle	ale	32587222	hoc-002
25007155	10744	aˈlɛ	alɛ	32587227	hoc-001
25007159	10744	aˈpe	ape	32587231	hoc-001
25007162	10746	aˈpijə	apijə	32587234	hoc-003
25007163	10744	aˈpiɛ	apiɛ	32587235	hoc-001
25007166	10744	aˈpu	apu	32587238	hoc-001
25007167	10745	aˈpu	apu	32587239	hoc-002
25007170	10746	aˈpənaʔᵃ	apənaʔa	32587242	hoc-003
25007171	10746	aˈre	are	32587243	hoc-003
25007176	10744	aˈreːjə	arejə	32587248	hoc-001
25007178	10744	aˈril gama	arilgama	32587250	hoc-001
25007180	10744	aˈril	aril	32587252	hoc-001
25007181	10746	aˈril	aril	32587251	hoc-003
25007181	10746	aˈril	aril	32587253	hoc-003
25007186	10745	aˈrɪl	arɪl	32587258	hoc-002
25007186	10745	aˈrɪl	arɪl	32587259	hoc-002
25007200	10746	aˈʔa sər	aʔasər	32587273	hoc-003
25007206	10744	aˈʤi daˈi	aʤidai	32587279	hoc-001
25007208	10745	aˈʤiɲ	aʤiɲ	32587281	hoc-002
25007212	10744	aː	a	32587285	hoc-001
25007212	10744	aː	a	32587287	hoc-001
25007213	10746	aː	a	32587284	hoc-003
25007213	10746	aː	a	32587286	hoc-003
25007214	10745	aː	a	32587283	hoc-002
25007214	10745	aː	a	32587288	hoc-002
25007225	10744	aːnˈdi	andi	32587300	hoc-001
25007226	10745	aːnˈdi	andi	32587301	hoc-002
25007241	10746	a̝ʈəwaˈri	aʈəwari	32587317	hoc-003
25007434	10745	balˈbal daʔ	balbaldaʔ	32587517	hoc-002
25007435	10744	balˈbal daʔᵃ	balbaldaʔa	32587518	hoc-001
25007436	10746	balˈbal	balbal	32587519	hoc-003
25007653	10745	baˈjar	bajar	32587751	hoc-002
25007657	10746	baˈjər	bajər	32587755	hoc-003
25007659	10746	baˈle	bale	32587757	hoc-003
25007661	10744	baˈlɛ	balɛ	32587759	hoc-001
25007666	10746	baˈrijə	barijə	32587764	hoc-003
25007667	10745	baˈrijɛ	barijɛ	32587765	hoc-002
25007668	10744	baˈriɛ	bariɛ	32587766	hoc-001
25007669	10744	baˈu daˈɣa	baudaɣa	32587767	hoc-001
25007671	10745	baˈuɲ	bauɲ	32587769	hoc-002
25007672	10744	baˈʈa	baʈa	32587770	hoc-001
25007674	10744	baˈʤar	baʤar	32587772	hoc-001
25007675	10745	baˈʤar	baʤar	32587773	hoc-002
25007676	10746	baˈʤar	baʤar	32587774	hoc-003
25007681	10746	baː saˈᵑgom	basaŋgom	32587779	hoc-003
25007683	10744	baː	ba	32587780	hoc-001
25007683	10744	baː	ba	32587781	hoc-001
25007684	10745	baː	ba	32587782	hoc-002
25007685	10746	baː	ba	32587783	hoc-003
25007690	10744	baːr	bar	32587788	hoc-001
25007691	10745	baːr	bar	32587789	hoc-002
25007768	10746	beʔᵉ	beʔe	32587877	hoc-003
25007940	10744	biŋ	biŋ	32588074	hoc-001
25007941	10745	biŋ	biŋ	32588075	hoc-002
25007942	10746	biŋ	biŋ	32588076	hoc-003
25007991	10744	biˈtɛr	bitɛr	32588125	hoc-001
25007992	10745	biˈtɛr	bitɛr	32588126	hoc-002
25008107	10745	borˈʧa	borʧa	32588246	hoc-002
25008109	10744	bosˈta	bosta	32588248	hoc-001
25008110	10746	bosˈta	bosta	32588249	hoc-003
25008127	10744	boŋˈso	boŋso	32588269	hoc-001
25008140	10745	boʔ	boʔ	32588283	hoc-002
25008141	10746	boʔ	boʔ	32588284	hoc-003
25008149	10744	boˈkoɲ	bokoɲ	32588292	hoc-001
25008164	10744	boˈʧor	boʧor	32588308	hoc-001
25008373	10744	buˈluŋ	buluŋ	32588528	hoc-001
25008374	10745	buˈluŋ	buluŋ	32588529	hoc-002
25008382	10746	buˈru buˈsu iːl	burubusuil	32588537	hoc-003
25008384	10745	buˈru	buru	32588539	hoc-002
25008384	10745	buˈru	buru	32588544	hoc-002
25008386	10744	buˈru	buru	32588541	hoc-001
25008386	10744	buˈru	buru	32588543	hoc-001
25008395	10744	buˈʈi	buʈi	32588554	hoc-001
25008396	10745	buˈʈi	buʈi	32588555	hoc-002
25008400	10746	buˈʈə ʧeˈtən	buʈəʧetən	32588559	hoc-003
25008908	10744	daˈru	daru	32589103	hoc-001
25008909	10745	daˈru	daru	32589104	hoc-002
25008910	10746	daˈru	daru	32589105	hoc-003
25008916	10745	daˈɽijɛ	daɽijɛ	32589112	hoc-002
25008919	10744	daˈʈa	daʈa	32589115	hoc-001
25008998	10745	dimˈsi dimˌsi	dimsidimsi	32589197	hoc-002
25009046	10746	diˈləŋ	diləŋ	32589245	hoc-003
25009053	10744	diˈri	diri	32589252	hoc-001
25009054	10745	diˈri	diri	32589253	hoc-002
25009059	10745	diˈriŋ	diriŋ	32589258	hoc-002
25009060	10746	diˈriŋ	diriŋ	32589259	hoc-003
25009065	10744	diˈriɲ	diriɲ	32589264	hoc-001
25009066	10746	diˈsum	disum	32589265	hoc-003
25009110	10744	doˈja	doja	32589310	hoc-001
25009111	10745	doˈja	doja	32589311	hoc-002
25009114	10745	doˈreja	doreja	32589314	hoc-002
25009214	10746	duˈbui	dubui	32589415	hoc-003
25009218	10746	duˈwar	duwar	32589419	hoc-003
25009225	10745	duˈwɛr	duwɛr	32589426	hoc-002
25009471	10746	enˈtaʔᵃ	entaʔa	32589683	hoc-003
25009471	10746	enˈtaʔᵃ	entaʔa	32589684	hoc-003
25009529	10744	eŋˈga	eŋga	32589747	hoc-001
25009530	10745	eŋˈga	eŋga	32589748	hoc-002
25009554	10745	eˈra	era	32589767	hoc-002
25009554	10745	eˈra	era	32589772	hoc-002
25009555	10746	eˈtom	etom	32589774	hoc-003
25009556	10744	eˈtom	etom	32589775	hoc-001
25009560	10744	eˈʈaʔ	eʈaʔ	32589779	hoc-001
25009561	10745	eˈʈaʔ	eʈaʔ	32589780	hoc-002
25009566	10746	eˈʈaʔᵃko	eʈaʔako	32589785	hoc-003
25009568	10746	eˈʈe torsaŋ	eʈetorsaŋ	32589787	hoc-003
25009674	10745	gaɳˈʈa	gaɳʈa	32589904	hoc-002
25009684	10746	gaʊ puˈsiʔⁱ	gaʊpusiʔi	32589914	hoc-003
25009692	10745	gaˈma	gama	32589922	hoc-002
25009694	10745	gaˈmala	gamala	32589924	hoc-002
25009695	10746	gaˈmala	gamala	32589925	hoc-003
25009697	10744	gaˈpa	gapa	32589927	hoc-001
25009698	10745	gaˈpa	gapa	32589928	hoc-002
25009718	10744	gaˈɽa	gaɽa	32589948	hoc-001
25009719	10745	gaˈɽa	gaɽa	32589949	hoc-002
25009723	10745	gaˈɽi	gaɽi	32589953	hoc-002
25009726	10744	gaˈʊː	gaʊ	32589956	hoc-001
25009750	10744	gel	gel	32589982	hoc-001
25009751	10746	gel	gel	32589983	hoc-003
25009755	10745	geleˈja	geleja	32589987	hoc-002
25009933	10745	giɲˈʧɛ	giɲʧɛ	32590183	hoc-002
25009936	10744	giˈnil	ginil	32590186	hoc-001
25009937	10745	giˈnil	ginil	32590187	hoc-002
25009938	10746	giˈnil	ginil	32590188	hoc-003
25009939	10744	giˈtil	gitil	32590189	hoc-001
25009940	10745	giˈtil	gitil	32590190	hoc-002
25009941	10746	giˈtil	gitil	32590191	hoc-003
25009978	10744	gom luˈpuʔᵘ	gomlupuʔu	32590230	hoc-001
25010014	10744	goɳˈʈa	goɳʈa	32590266	hoc-001
25010025	10746	goˈpoⁿde	goponde	32590277	hoc-003
25010457	10745	hanˈku	hanku	32590730	hoc-002
25010457	10745	hanˈku	hanku	32590731	hoc-002
25010458	10745	hanˈpa	hanpa	32590732	hoc-002
25010495	10745	harˈtaʔ	hartaʔ	32590779	hoc-002
25010572	10746	haˈku	haku	32590856	hoc-003
25010576	10744	haˈlaŋ	halaŋ	32590860	hoc-001
25010579	10745	haˈna	hana	32590863	hoc-002
25010582	10745	haˈniʔ	haniʔ	32590865	hoc-002
25010582	10745	haˈniʔ	haniʔ	32590866	hoc-002
25010584	10744	haˈsu	hasu	32590868	hoc-001
25010585	10745	haˈsu	hasu	32590869	hoc-002
25010594	10744	haˈtu	hatu	32590878	hoc-001
25010595	10745	haˈtu	hatu	32590879	hoc-002
25010596	10746	haˈtu	hatu	32590880	hoc-003
25010600	10744	haˈɽa uˈriʔ	haɽauriʔ	32590884	hoc-001
25010614	10745	haːˈʈo	haʈo	32590898	hoc-002
25010671	10744	hiˈsi	hisi	32590959	hoc-001
25010672	10745	hiˈsi	hisi	32590960	hoc-002
25010691	10746	homˈʔo	homʔo	32590980	hoc-003
25010693	10746	hon	hon	32590982	hoc-003
25010746	10744	hoˈjo	hojo	32591039	hoc-001
25010747	10745	hoˈjo	hojo	32591040	hoc-002
25010748	10746	hoˈjo	hojo	32591041	hoc-003
25010752	10744	hoˈla ter	holater	32591045	hoc-001
25010753	10745	hoˈla	hola	32591046	hoc-002
25010763	10745	hoˈloŋ	holoŋ	32591056	hoc-002
25010768	10745	hoˈm(ɦ)oː	homɦo	32591061	hoc-002
25010769	10744	hoˈmoː	homo	32591062	hoc-001
25010784	10744	hoˈʈoʔᵒ	hoʈoʔo	32591079	hoc-001
25010785	10745	hoˈʈoʔᵒ	hoʈoʔo	32591080	hoc-002
25010786	10746	hoˈʈoʔᵒ	hoʈoʔo	32591081	hoc-003
25010790	10745	hoː	ho	32591085	hoc-002
25010856	10745	huˈlum guˈsui	hulumgusui	32591157	hoc-002
25010858	10744	huˈmu	humu	32591159	hoc-001
25010859	10745	huˈmu	humu	32591160	hoc-002
25010868	10744	huˈɽiŋ boˌkoɲ	huɽiŋbokoɲ	32591169	hoc-001
25010878	10745	huˈʈuʔʈuə	huʈuʔʈuə	32591179	hoc-002
25011006	10746	həˈla musin	həlamusin	32591314	hoc-003
25011124	10744	hʊˈra	hʊra	32591432	hoc-001
25011251	10745	irleˈja	irleja	32591589	hoc-002
25011255	10744	irˈlɪɛ	irlɪɛ	32591593	hoc-001
25011277	10746	isiˈjə	isijə	32591619	hoc-003
25011375	10744	iˈpil	ipil	32591721	hoc-001
25011376	10745	iˈpil	ipil	32591722	hoc-002
25011377	10746	iˈpil	ipil	32591723	hoc-003
25011390	10746	iˈrɪl	irɪl	32591736	hoc-003
25011391	10745	iˈsi	isi	32591737	hoc-002
25011394	10745	iˈtil	itil	32591740	hoc-002
25011395	10746	iˈtil	itil	32591741	hoc-003
25011404	10744	iˈtʰil	ithil	32591750	hoc-001
25011407	10746	iːl	il	32591751	hoc-003
25011407	10746	iːl	il	32591753	hoc-003
25011413	10745	iːm	im	32591759	hoc-002
25011538	10745	kagaˈʤo	kagaʤo	32591893	hoc-002
25011564	10745	kakəˈla	kakəla	32591920	hoc-002
25011729	10746	kaˈgaʤo	kagaʤo	32592090	hoc-003
25011748	10746	kaˈtu	katu	32592109	hoc-003
25011752	10744	kaˈʈa	kaʈa	32592113	hoc-001
25011753	10745	kaˈʈa	kaʈa	32592114	hoc-002
25011766	10744	kaˈʤi	kaʤi	32592127	hoc-001
25011767	10745	kaˈʤi	kaʤi	32592128	hoc-002
25011792	10746	ka̝ˈka̝lə	kakalə	32592153	hoc-003
25011988	10744	kiɽiˈki	kiɽiki	32592355	hoc-001
25011996	10745	kiɽɪˈki	kiɽɪki	32592363	hoc-002
25012011	10744	kiˈli	kili	32592378	hoc-001
25012012	10745	kiˈli	kili	32592379	hoc-002
25012185	10744	koˈto	koto	32592556	hoc-001
25012185	10744	koˈto	koto	32592557	hoc-001
25012186	10745	koˈto	koto	32592558	hoc-002
25012186	10745	koˈto	koto	32592561	hoc-002
25012200	10746	koˈʈo	koʈo	32592575	hoc-003
25012201	10744	koˈⁿda	konda	32592576	hoc-001
25012238	10745	kui ˈhon	kuihon	32592613	hoc-002
25012439	10745	kuɳˈʈe	kuɳʈe	32592826	hoc-002
25012440	10746	kuɳˈʈu	kuɳʈu	32592827	hoc-003
25012442	10744	kuɳˈʈɛ	kuɳʈɛ	32592829	hoc-001
25012477	10744	kuˈi	kui	32592867	hoc-001
25012528	10745	kãˈɳã	kaɳa	32592920	hoc-002
25012762	10745	kʊnˈda	kʊnda	32593169	hoc-002
25012763	10745	kʊwa ˈhon	kʊwahon	32593170	hoc-002
25012767	10745	kʊˈwa	kʊwa	32593173	hoc-002
25012767	10745	kʊˈwa	kʊwa	32593174	hoc-002
25012768	10744	kʊˈwaʔ	kʊwaʔ	32593175	hoc-001
25012955	10744	laˈtar	latar	32593369	hoc-001
25012956	10745	laˈtar	latar	32593370	hoc-002
25012957	10746	laˈtar	latar	32593371	hoc-003
25013032	10744	leŋga ˈtiː	leŋgati	32593452	hoc-001
25013036	10745	leŋˈga	leŋga	32593456	hoc-002
25013045	10744	leʔ	leʔ	32593466	hoc-001
25013046	10745	leʔ	leʔ	32593467	hoc-002
25013048	10746	leʔᵉ	leʔe	32593469	hoc-003
25013059	10745	leˈser	leser	32593480	hoc-002
25013060	10746	leˈser	leser	32593481	hoc-003
25013120	10744	liʤɛˈʔɛ	liʤɛʔɛ	32593544	hoc-001
25013126	10746	liˈʤəʔᵊ	liʤəʔə	32593550	hoc-003
25013127	10745	liˈʤɛʔ	liʤɛʔ	32593551	hoc-002
25013253	10745	luˈpuʔ	lupuʔ	32593700	hoc-002
25013256	10744	luˈtur	lutur	32593703	hoc-001
25013257	10745	luˈtur	lutur	32593704	hoc-002
25013266	10744	luˈʈi	luʈi	32593713	hoc-001
25013270	10745	luˈʈiː	luʈi	32593717	hoc-002
25013653	10745	maɳˈɖi uˈtu	maɳɖiutu	32594117	hoc-002
25013704	10744	maˈjaŋ	majaŋ	32594170	hoc-001
25013705	10745	maˈjaŋ	majaŋ	32594171	hoc-002
25013706	10746	maˈjaŋ	majaŋ	32594172	hoc-003
25013712	10744	maˈjom	majom	32594178	hoc-001
25013713	10745	maˈjom	majom	32594179	hoc-002
25013714	10746	maˈjom	majom	32594180	hoc-003
25013721	10746	maˈraŋ buˌru	maraŋburu	32594187	hoc-003
25013727	10746	maˈraŋ dorɪˈja	maraŋdorɪja	32594193	hoc-003
25013739	10746	maˈᶯɖi	maɳɖi	32594205	hoc-003
25013812	10744	meɖ˺ kaˈᶯɖom	meɖkaɳɖom	32594282	hoc-001
25013813	10744	meɖ˺	meɖ	32594283	hoc-001
25013814	10745	meɖ˺	meɖ	32594284	hoc-002
25013815	10746	meɖ˺	meɖ	32594285	hoc-003
25013904	10745	miɳˈɖi	miɳɖi	32594379	hoc-002
25013914	10744	miˈsi eˌra	misiera	32594389	hoc-001
25013915	10746	miˈsi kui	misikui	32594390	hoc-003
25013916	10744	miˈsi	misi	32594391	hoc-001
25013917	10746	miˈsi	misi	32594392	hoc-003
25013922	10744	miˈɖi	miɖi	32594397	hoc-001
25013924	10746	miˈᶯɖi	miɳɖi	32594399	hoc-003
25014081	10746	moˈʈor	moʈor	32594563	hoc-003
25014084	10744	moˈʔo	moʔo	32594566	hoc-001
25014094	10744	moˈʧo ɖaʊ	moʧoɖaʊ	32594577	hoc-001
25014240	10744	muˈkui	mukui	32594735	hoc-001
25014241	10745	muˈkui	mukui	32594736	hoc-002
25014242	10746	muˈkui	mukui	32594737	hoc-003
25014243	10744	muˈʈɛ	muʈɛ	32594738	hoc-001
25014244	10745	muˈʈɛ	muʈɛ	32594739	hoc-002
25014247	10744	muˈʔi	muʔi	32594742	hoc-001
25014268	10745	mõɳeˈja	moɳeja	32594766	hoc-002
25014605	10746	naʔᵃ ˈge	naʔage	32595125	hoc-003
25014619	10745	naːʔ	naʔ	32595139	hoc-002
25014621	10744	naːˈʔa	naʔa	32595141	hoc-001
25014637	10744	nen	nen	32595157	hoc-001
25014648	10746	netˈtaʔᵃ	nettaʔa	32595169	hoc-003
25014657	10744	neˈkʊduːr	nekʊdur	32595181	hoc-001
25014660	10744	neˈna	nena	32595185	hoc-001
25014661	10746	neˈnə saˌbin	nenəsabin	32595186	hoc-003
25014662	10744	neˈpa	nepa	32595187	hoc-001
25014663	10745	neˈpa	nepa	32595188	hoc-002
25014664	10746	neˈpa	nepa	32595189	hoc-003
25014665	10744	neˈpaː	nepa	32595190	hoc-001
25014768	10744	niˈdɛ	nidɛ	32595305	hoc-001
25014769	10745	niˈdɛ	nidɛ	32595306	hoc-002
25014821	10745	noˈgoɖ˺	nogoɖ	32595360	hoc-002
25014923	10744	nuˈtum	nutum	32595476	hoc-001
25014924	10745	nuˈtum	nutum	32595477	hoc-002
25014925	10746	nuˈtum	nutum	32595478	hoc-003
25015348	10745	oˈkoe	okoe	32595916	hoc-002
25015349	10746	oˈkoe	okoe	32595917	hoc-003
25015356	10746	oˈkon	okon	32595924	hoc-003
25015359	10744	oˈkoniʔ ʧa	okoniʔʧa	32595927	hoc-001
25015361	10746	oˈkonpaʔaˌte	okonpaʔate	32595929	hoc-003
25015363	10746	oˈkontaʔᵃ	okontaʔa	32595931	hoc-003
25015364	10744	oˈkonte	okonte	32595932	hoc-001
25015372	10745	oˈte diˈsum	otedisum	32595941	hoc-002
25015376	10745	oˈwaʔ	owaʔ	32595947	hoc-002
25015377	10745	oˈwəʔ ʧeˌtan	owəʔʧetan	32595948	hoc-002
25015426	10744	paiˈʈi	paiʈi	32596000	hoc-001
25015427	10745	paiˈʈi	paiʈi	32596001	hoc-002
25015542	10744	paˈɽub˺	paɽub	32596120	hoc-001
25015672	10744	piː	pi	32596260	hoc-001
25015686	10745	poeˈsa	poesa	32596275	hoc-002
25015692	10744	poiˈsa	poisa	32596281	hoc-001
25015765	10745	poˈrob	porob	32596358	hoc-002
25015767	10744	poˈrob˺	porob	32596360	hoc-001
25015768	10746	poˈrob˺	porob	32596361	hoc-003
25015771	10744	poˈʈa	poʈa	32596364	hoc-001
25015804	10744	pukuˈri	pukuri	32596398	hoc-001
25015804	10744	pukuˈri	pukuri	32596399	hoc-001
25015902	10745	puˈkuri	pukuri	32596497	hoc-002
25015903	10745	puˈkɛɖ˺	pukɛɖ	32596498	hoc-002
25015906	10744	puːl	pul	32596501	hoc-001
25015955	10745	pũːl	pul	32596557	hoc-002
25016311	10744	reɖ˺ raˈnu	reɖranu	32596921	hoc-001
25016313	10746	reɖ˺	reɖ	32596923	hoc-003
25016318	10745	reˑɖ˺	reɖ	32596928	hoc-002
25016358	10745	riˈmil	rimil	32596971	hoc-002
25016361	10746	riˈmil	rimil	32596974	hoc-003
25016398	10745	roˈko	roko	32597015	hoc-002
25016399	10746	roˈko	roko	32597016	hoc-003
25016488	10744	ruːl biŋ ˈoŋ	rulbiŋoŋ	32597111	hoc-001
25016489	10746	ruːl ˈbiŋ oŋ	rulbiŋoŋ	32597112	hoc-003
25016620	10744	rʊˈka	rʊka	32597245	hoc-001
25016746	10745	samaˈnaŋ	samanaŋ	32597384	hoc-002
25016758	10746	saməˈnaŋ	samənaŋ	32597398	hoc-003
25016759	10744	samˈnaŋ	samnaŋ	32597399	hoc-001
25016793	10745	sar	sar	32597434	hoc-002
25016844	10744	sarˈsar	sarsar	32597490	hoc-001
25016845	10745	sarˈsar	sarsar	32597491	hoc-002
25016846	10746	sarˈsar	sarsar	32597492	hoc-003
25016916	10744	saŋˈgi	saŋgi	32597564	hoc-001
25016917	10745	saŋˈgi	saŋgi	32597565	hoc-002
25016919	10745	saŋˈgər	saŋgər	32597567	hoc-002
25016920	10746	saŋˈgər	saŋgər	32597568	hoc-003
25016927	10746	saɳˈɖi sim	saɳɖisim	32597575	hoc-003
25016942	10744	saˈben	saben	32597590	hoc-001
25016943	10745	saˈbin	sabin	32597591	hoc-002
25016944	10746	saˈbin	sabin	32597592	hoc-003
25016945	10744	saˈdom	sadom	32597593	hoc-001
25016946	10745	saˈdom	sadom	32597594	hoc-002
25016947	10746	saˈdom	sadom	32597595	hoc-003
25016958	10744	saˈkam	sakam	32597606	hoc-001
25016973	10746	saˈmaŋ	samaŋ	32597621	hoc-003
25016978	10746	saˈtəɖ˺	satəɖ	32597626	hoc-003
25017010	10746	saːˈɽi	saɽi	32597658	hoc-003
25017146	10746	seˈpeɖ˺	sepeɖ	32597803	hoc-003
25017147	10744	seˈpeːɖ˺	sepeɖ	32597804	hoc-001
25017148	10744	seˈta	seta	32597805	hoc-001
25017149	10745	seˈta	seta	32597806	hoc-002
25017150	10746	seˈta	seta	32597807	hoc-003
25017160	10745	seˈtaʔ	setaʔ	32597817	hoc-002
25017164	10746	seˈtaʔᵃ	setaʔa	32597821	hoc-003
25017168	10744	seˈᵑgel	seŋgel	32597825	hoc-001
25017169	10746	seˈᵑgel	seŋgel	32597826	hoc-003
25017176	10745	seᵑˈgel	seŋgel	32597833	hoc-002
25017261	10744	sim	sim	32597924	hoc-001
25017262	10745	sim	sim	32597925	hoc-002
25017348	10745	sirˈmɛ	sirmɛ	32598016	hoc-002
25017348	10745	sirˈmɛ	sirmɛ	32598017	hoc-002
25017407	10744	siŋˈgi	siŋgi	32598084	hoc-001
25017408	10745	siŋˈgi	siŋgi	32598085	hoc-002
25017427	10744	siʈiˈɛ hon	siʈiɛhon	32598105	hoc-001
25017428	10746	siˈbil	sibil	32598106	hoc-003
25017437	10746	siˈkiˑjə	sikijə	32598115	hoc-003
25017439	10745	siˈku	siku	32598117	hoc-002
25017440	10746	siˈku	siku	32598118	hoc-003
25017442	10744	siˈkĩː	siki	32598120	hoc-001
25017443	10745	siˈkĩː	siki	32598121	hoc-002
25017532	10746	somˈtol	somtol	32598215	hoc-003
25017547	10745	sondˈro	sondro	32598230	hoc-002
25017602	10745	soɽoˈpo	soɽopo	32598289	hoc-002
25017612	10745	soˈman	soman	32598300	hoc-002
25017614	10745	soˈmaɛ	somaɛ	32598302	hoc-002
25017617	10745	soˈwan	sowan	32598305	hoc-002
25017621	10746	soˈwən	sowən	32598309	hoc-003
25017702	10744	sukuˈri	sukuri	32598396	hoc-001
25017898	10746	suɳˈʈiʔⁱ	suɳʈiʔi	32598606	hoc-003
25017903	10744	suˈi	sui	32598611	hoc-001
25017908	10744	suˈkul	sukul	32598616	hoc-001
25017909	10745	suˈkul	sukul	32598617	hoc-002
25017910	10746	suˈkul	sukul	32598618	hoc-003
25017911	10745	suˈkuri	sukuri	32598619	hoc-002
25017912	10746	suˈkuri	sukuri	32598620	hoc-003
25017915	10744	suˈnum	sunum	32598623	hoc-001
25017916	10745	suˈnum	sunum	32598624	hoc-002
25017930	10746	suˈtəm	sutəm	32598639	hoc-003
25017930	10746	suˈtəm	sutəm	32598640	hoc-003
25017934	10745	suˈtɛm	sutɛm	32598644	hoc-002
25017934	10745	suˈtɛm	sutɛm	32598646	hoc-002
25017935	10744	suˈtɛm	sutɛm	32587756	hoc-001
25017935	10744	suˈtɛm	sutɛm	32598645	hoc-001
25017940	10746	suˈʤə	suʤə	32598651	hoc-003
25018122	10746	səˈkam	səkam	32598842	hoc-003
25018135	10746	sɛr	sɛr	32598855	hoc-003
25018197	10744	sʊˈwan	sʊwan	32598918	hoc-001
25018263	10745	talˈwar	talwar	32598986	hoc-002
25018278	10745	tamuˈʈi	tamuʈi	32599003	hoc-002
25018294	10746	tara siˈᵑgi	tarasiŋgi	32599020	hoc-003
25018348	10745	taɳˈɖi	taɳɖi	32599079	hoc-002
25018372	10746	taˈjom	tajom	32599103	hoc-003
25018375	10745	taˈla	tala	32599106	hoc-002
25018378	10746	taˈnar	tanar	32599109	hoc-003
25018379	10745	taˈra siˌᵑgi	tarasiŋgi	32599110	hoc-002
25018384	10744	taˈran	taran	32599115	hoc-001
25018385	10745	taˈran	taran	32599116	hoc-002
25018396	10744	taˈsaɖ˺	tasaɖ	32599127	hoc-001
25018397	10745	taˈsaɖ˺	tasaɖ	32599128	hoc-002
25018399	10744	taˈta	tata	32599130	hoc-001
25018400	10745	taˈta	tata	32599131	hoc-002
25018403	10746	taˈwə	tawə	32599134	hoc-003
25018446	10744	terˈpa	terpa	32599179	hoc-001
25018446	10744	terˈpa	terpa	32599180	hoc-001
25018446	10744	terˈpa	terpa	32599181	hoc-001
25018446	10744	terˈpa	terpa	32599183	hoc-001
25018447	10745	terˈpa	terpa	32599182	hoc-002
25018649	10744	tiˈkin siˌᵑgi	tikinsiŋgi	32599407	hoc-001
25018665	10744	tiˈsiŋ	tisiŋ	32599426	hoc-001
25018666	10745	tiˈsiŋ	tisiŋ	32599427	hoc-002
25018679	10744	tiː	ti	32599440	hoc-001
25018679	10744	tiː	ti	32599441	hoc-001
25018680	10745	tiː	ti	32599442	hoc-002
25018681	10746	tiː	ti	32599443	hoc-003
25018758	10744	toraˈɪ	toraɪ	32599522	hoc-001
25018793	10746	toˈroeʔ	toroeʔ	32599557	hoc-003
25018797	10745	toˈroʔe	toroʔe	32599561	hoc-002
25018923	10745	turuiˈjɛ	turuijɛ	32599698	hoc-002
25018951	10745	tuˈkɛ	tukɛ	32599727	hoc-002
25018956	10746	tuˈruijə	turuijə	32599732	hoc-003
25018958	10744	tuˈruːjɛ	turujɛ	32599734	hoc-001
25018960	10744	tuˈʈi	tuʈi	32599736	hoc-001
25019315	10745	umˈbul	umbul	32600113	hoc-002
25019354	10745	unˈɖi kuˈi	unɖikui	32600154	hoc-002
25019354	10745	unˈɖi kuˈi	unɖikui	32600155	hoc-002
25019355	10745	unˈɖi kʊˌwa	unɖikʊwa	32600156	hoc-002
25019355	10745	unˈɖi kʊˌwa	unɖikʊwa	32600157	hoc-002
25019382	10745	upuˈnijɛ	upunijɛ	32600184	hoc-002
25019487	10745	uɳˈɖu	uɳɖu	32600297	hoc-002
25019515	10745	uˈkɛ	ukɛ	32600325	hoc-002
25019516	10744	uˈkʰe	ukhe	32600326	hoc-001
25019526	10745	uˈmɛr	umɛr	32600336	hoc-002
25019533	10746	uˈpunijə	upunijə	32600346	hoc-003
25019534	10744	uˈpunijɛ	upunijɛ	32600347	hoc-001
25019535	10744	uˈriʔ	uriʔ	32600348	hoc-001
25019538	10746	uˈriʔⁱ meˌrom	uriʔimerom	32600351	hoc-003
25019539	10745	uˈriʔⁱ	uriʔi	32600352	hoc-002
25019539	10745	uˈriʔⁱ	uriʔi	32600353	hoc-002
25019541	10744	uˈtuʔaˌta kaˈɽʰai	utuʔatakaɽhai	32600355	hoc-001
25019542	10746	uˈʈuʈowaʔ	uʈuʈowaʔ	32600356	hoc-003
25019543	10744	uˈᵐbul	umbul	32600357	hoc-001
25019545	10746	uˈᶯɖu	uɳɖu	32600359	hoc-003
25019546	10744	uˈᶯɖuː	uɳɖu	32600360	hoc-001
25019755	10744	ĩˈjəl	ijəl	32600584	hoc-001
25019756	10745	ĩˈjɛl	ijɛl	32600585	hoc-002
25019757	10745	ĩːl	il	32600586	hoc-002
25019797	10744	ũːr	ur	32600624	hoc-001
25019797	10744	ũːr	ur	32600626	hoc-001
25019798	10745	ũːr	ur	32600627	hoc-002
25019799	10746	ũːr	ur	32600625	hoc-003
25019799	10746	ũːr	ur	32600628	hoc-003
25020316	10745	ɖaɳˈɖaʔᵃ	ɖaɳɖaʔa	32601170	hoc-002
25020330	10745	ɖaˈmukɛ	ɖamukɛ	32601184	hoc-002
25020334	10745	ɖaˈʈa	ɖaʈa	32601188	hoc-002
25020372	10744	ɖigiˈsi	ɖigisi	32601227	hoc-001
25020392	10745	ɖiˈgisi	ɖigisi	32601247	hoc-002
25020393	10745	ɖiˈpɛ	ɖipɛ	32601248	hoc-002
25020409	10745	ɖoŋˈga	ɖoŋga	32601264	hoc-002
25020410	10746	ɖoŋˈga	ɖoŋga	32601265	hoc-003
25020441	10745	ɖuˈleɖ˺	ɖuleɖ	32601297	hoc-002
25020442	10744	ɖuˈliɖ˺	ɖuliɖ	32601298	hoc-001
25020443	10746	ɖuˈliɖ˺	ɖuliɖ	32601299	hoc-003
25021526	10745	ʈaˈjaɖ˺	ʈajaɖ	32602421	hoc-002
25021526	10745	ʈaˈjaɖ˺	ʈajaɖ	32602422	hoc-002
25021527	10744	ʈaˈpu	ʈapu	32602423	hoc-001
25021830	10746	ʊmˈbul	ʊmbul	32602748	hoc-003
25021836	10746	ʊwaʔᵃ ˈdʊwar	ʊwaʔadʊwar	32602755	hoc-003
25021839	10745	ʊˈwaʔrenˌko	ʊwaʔrenko	32602758	hoc-002
25021840	10746	ʊˈwaʔᵃ ʧeˌtan	ʊwaʔaʧetan	32602759	hoc-003
25021841	10746	ʊˈwaʔᵃ	ʊwaʔa	32602760	hoc-003
25021843	10744	ʊˈwəʔə ʧiˈtan	ʊwəʔəʧitan	32602762	hoc-001
25021864	10744	ʤaŋ	ʤaŋ	32602787	hoc-001
25021864	10744	ʤaŋ	ʤaŋ	32602796	hoc-001
25021865	10745	ʤaŋ	ʤaŋ	32602788	hoc-002
25021865	10745	ʤaŋ	ʤaŋ	32602797	hoc-002
25021866	10746	ʤaŋ	ʤaŋ	32602789	hoc-003
25021866	10746	ʤaŋ	ʤaŋ	32602798	hoc-003
25021878	10746	ʤaɛˈgə	ʤaɛgə	32602806	hoc-003
25021879	10746	ʤaʊˈdin	ʤaʊdin	32602807	hoc-003
25021880	10744	ʤaʊˈge	ʤaʊge	32602808	hoc-001
25021881	10744	ʤaˈga	ʤaga	32602809	hoc-001
25021881	10744	ʤaˈga	ʤaga	32602810	hoc-001
25021887	10746	ʤaˈitaɖi	ʤaitaɖi	32602816	hoc-003
25021888	10745	ʤaˈiɲ	ʤaiɲ	32602817	hoc-002
25021894	10744	ʤaˈlom	ʤalom	32602823	hoc-001
25021895	10745	ʤaˈlom	ʤalom	32602824	hoc-002
25021896	10746	ʤaˈlom	ʤalom	32602825	hoc-003
25021903	10744	ʤaˈrom	ʤarom	32602832	hoc-001
25021904	10745	ʤaˈrom	ʤarom	32602833	hoc-002
25021905	10746	ʤaˈrom	ʤarom	32602834	hoc-003
25021911	10744	ʤaˑˈim kʊwaʔ	ʤaimkʊwaʔ	32602841	hoc-001
25021915	10746	ʤiˈjaŋ	ʤijaŋ	32602847	hoc-003
25021917	10744	ʤiˈlu	ʤilu	32602849	hoc-001
25021917	10744	ʤiˈlu	ʤilu	32602855	hoc-001
25021918	10745	ʤiˈlu	ʤilu	32602850	hoc-002
25021918	10745	ʤiˈlu	ʤilu	32602856	hoc-002
25021919	10746	ʤiˈlu	ʤilu	32602851	hoc-003
25021919	10746	ʤiˈlu	ʤilu	32602857	hoc-003
25021923	10745	ʤiˈnis	ʤinis	32602861	hoc-002
25021924	10746	ʤiˈnis	ʤinis	32602862	hoc-003
25021932	10744	ʤiˈɛŋ	ʤiɛŋ	32602870	hoc-001
25021940	10744	ʤiˑˈnis	ʤinis	32602881	hoc-001
25021944	10745	ʤoˈa	ʤoa	32602885	hoc-002
25021959	10745	ʤoː	ʤo	32602900	hoc-002
25021960	10746	ʤoː	ʤo	32602901	hoc-003
25021970	10745	ʤoˑm	ʤom	32602911	hoc-002
25021972	10745	ʤumˈbɛ	ʤumbɛ	32602913	hoc-002
25021976	10745	ʤuˈɽi	ʤuɽi	32602917	hoc-002
25021977	10744	ʤuˑˈɽi	ʤuɽi	32602918	hoc-001
25022003	10746	ʧanˈduʔᵘre	ʧanduʔure	32602946	hoc-003
25022004	10745	ʧanˈɖuʔ	ʧanɖuʔ	32602947	hoc-002
25022007	10744	ʧaɖ˺ˈlom	ʧaɖlom	32602950	hoc-001
25022008	10745	ʧaɖ˺ˈlom	ʧaɖlom	32602951	hoc-002
25022009	10746	ʧaɖ˺ˈlom	ʧaɖlom	32602952	hoc-003
25022013	10745	ʧaɳˈɖuʔ	ʧaɳɖuʔ	32602956	hoc-002
25022015	10746	ʧaɳˈɖuʔᵘ	ʧaɳɖuʔu	32602959	hoc-003
25022021	10745	ʧaʊˈli	ʧaʊli	32602965	hoc-002
25022022	10746	ʧaʊˈli	ʧaʊli	32602966	hoc-003
25022029	10746	ʧaˈnab˺ paʔᵃ	ʧanabpaʔa	32602973	hoc-003
25022030	10745	ʧaˈnab˺	ʧanab	32602974	hoc-002
25022031	10744	ʧaˈnab˺	ʧanab	32602975	hoc-001
25022033	10745	ʧaˈpal	ʧapal	32602977	hoc-002
25022036	10744	ʧaˈᶯɖuʔ	ʧaɳɖuʔ	32602980	hoc-001
25022047	10745	ʧeˈkanreˌjaʔ	ʧekanrejaʔ	32602992	hoc-002
25022048	10745	ʧeˈnaʔ	ʧenaʔ	32602993	hoc-002
25022050	10744	ʧeˈtan	ʧetan	32602995	hoc-001
25022051	10745	ʧeˈtan	ʧetan	32602996	hoc-002
25022052	10746	ʧeˈtan	ʧetan	32602997	hoc-003
25022066	10744	ʧimiˈnaŋ leka	ʧiminaŋleka	32603012	hoc-001
25022070	10745	ʧimiˈnəŋ leˌka	ʧiminəŋleka	32603018	hoc-002
25022071	10746	ʧimiˈnəŋ	ʧiminəŋ	32603019	hoc-003
25022078	10745	ʧiˈdu	ʧidu	32603026	hoc-002
25022078	10745	ʧiˈdu	ʧidu	32603028	hoc-002
25022079	10744	ʧiˈdu	ʧidu	32603027	hoc-001
25022080	10746	ʧiˈdu	ʧidu	32603029	hoc-003
25022083	10744	ʧiˈkanrea	ʧikanrea	32603034	hoc-001
25022084	10746	ʧiˈmin ˌsirmə	ʧiminsirmə	32603035	hoc-003
25022086	10745	ʧiˈmin	ʧimin	32603037	hoc-002
25022086	10745	ʧiˈmin	ʧimin	32603038	hoc-002
25022087	10746	ʧiˈmin	ʧimin	32603039	hoc-003
25022088	10746	ʧiˈnaʔ	ʧinaʔ	32603040	hoc-003
25022089	10746	ʧiˈnaʔreˌjə	ʧinaʔrejə	32603041	hoc-003
25022090	10744	ʧiˈʈi saˌkam	ʧiʈisakam	32603042	hoc-001
25022091	10745	ʧiˈʈi	ʧiʈi	32603043	hoc-002
25022101	10744	ʧomboˈle	ʧombole	32603053	hoc-001
25022131	10746	ˈale	ale	32603087	hoc-003
25022139	10746	ˈaʔe	aʔe	32603097	hoc-003
25022139	10746	ˈaʔe	aʔe	32603098	hoc-003
25022139	10746	ˈaʔe	aʔe	32603099	hoc-003
25022140	10746	ˈaʤi	aʤi	32603100	hoc-003
25022141	10745	ˈaː kiˌjʊə	akijʊə	32603101	hoc-002
25022142	10746	ˈaːⁿdi	andi	32603102	hoc-003
25022145	10745	ˈbale	bale	32603105	hoc-002
25022146	10746	ˈbale	bale	32603106	hoc-003
25022148	10745	ˈbaː tol	batol	32603108	hoc-002
25022151	10744	ˈbeʔ daʔ	beʔdaʔ	32603111	hoc-001
25022153	10745	ˈbeʔᵉ	beʔe	32603113	hoc-002
25022156	10746	ˈbitər	bitər	32603116	hoc-003
25022166	10744	ˈboːʔᵒ	boʔo	32603126	hoc-001
25022169	10746	ˈbuluŋ	buluŋ	32603129	hoc-003
25022173	10746	ˈburu	buru	32603133	hoc-003
25022173	10746	ˈburu	buru	32603134	hoc-003
25022175	10746	ˈbuʈi	buʈi	32603136	hoc-003
25022185	10746	ˈdadə	dadə	32603146	hoc-003
25022189	10744	ˈdaʔa	daʔa	32603150	hoc-001
25022190	10745	ˈdaʔᵃ	daʔa	32603151	hoc-002
25022191	10746	ˈdaʔᵃ	daʔa	32603152	hoc-003
25022196	10746	ˈdiri	diri	32603157	hoc-003
25022197	10746	ˈdoja	doja	32603158	hoc-003
25022199	10746	ˈdõˑsi	dosi	32603160	hoc-003
25022209	10746	ˈerə	erə	32603170	hoc-003
25022214	10746	ˈgamə	gamə	32603175	hoc-003
25022216	10746	ˈgapə	gapə	32603177	hoc-003
25022218	10746	ˈgaɽə	gaɽə	32603179	hoc-003
25022219	10745	ˈgaʊ	gaʊ	32603180	hoc-002
25022220	10746	ˈgaʊ	gaʊ	32603181	hoc-003
25022225	10746	ˈgoɽə	goɽə	32603186	hoc-003
25022229	10746	ˈguʧu	guʧu	32603190	hoc-003
25022238	10745	ˈhai	hai	32603199	hoc-002
25022248	10745	ˈhantaʔ	hantaʔ	32603210	hoc-002
25022248	10745	ˈhantaʔ	hantaʔ	32603211	hoc-002
25022250	10746	ˈha̝ɽə	haɽə	32603213	hoc-003
25022257	10746	ˈhorə	horə	32603220	hoc-003
25022266	10746	ˈhoːko	hoko	32603229	hoc-003
25022276	10746	ˈkalə	kalə	32603239	hoc-003
25022278	10746	ˈkaʈə	kaʈə	32603241	hoc-003
25022279	10746	ˈkaʤi	kaʤi	32603242	hoc-003
25022282	10744	ˈkija	kija	32603245	hoc-001
25022283	10746	ˈkijə	kijə	32603246	hoc-003
25022284	10746	ˈkili	kili	32603247	hoc-003
25022286	10746	ˈkondə	kondə	32603249	hoc-003
25022287	10746	ˈkowə	kowə	32603250	hoc-003
25022291	10744	ˈkui hon	kuihon	32603254	hoc-001
25022292	10746	ˈkui	kui	32603255	hoc-003
25022293	10744	ˈkuəm	kuəm	32595472	hoc-001
25022293	10744	ˈkuəm	kuəm	32603256	hoc-001
25022294	10746	ˈkuəm	kuəm	32603257	hoc-003
25022295	10745	ˈkuɛm	kuɛm	32603258	hoc-002
25022295	10745	ˈkuɛm	kuɛm	32603259	hoc-002
25022300	10745	ˈkũɛ	kuɛ	32603264	hoc-002
25022305	10744	ˈkʊwa hon	kʊwahon	32603269	hoc-001
25022307	10744	ˈlaiʔ	laiʔ	32603271	hoc-001
25022308	10745	ˈlaiʔ	laiʔ	32603272	hoc-002
25022309	10746	ˈlaiʔ	laiʔ	32603273	hoc-003
25022315	10746	ˈlenekə	lenekə	32603279	hoc-003
25022319	10746	ˈloːβo	loβo	32603283	hoc-003
25022320	10746	ˈlugə	lugə	32603284	hoc-003
25022322	10746	ˈlutur	lutur	32603286	hoc-003
25022324	10746	ˈluʈi	luʈi	32603288	hoc-003
25022341	10744	ˈmeɖ˺ daʔ	meɖdaʔ	32603305	hoc-001
25022342	10745	ˈmeɖ˺ daʔ	meɖdaʔ	32603306	hoc-002
25022343	10746	ˈmeɖ˺ daʔᵃ	meɖdaʔa	32603307	hoc-003
25022344	10745	ˈmeɖ˺ kaˌᶯɖom	meɖkaɳɖom	32603308	hoc-002
25022345	10746	ˈmeɖ˺ kaˌᶯɖom	meɖkaɳɖom	32603309	hoc-003
25022346	10744	ˈmeɖ˺ kãˈɽã	meɖkaɽa	32603310	hoc-001
25022347	10745	ˈmeɖ˺ moˌʧa	meɖmoʧa	32603311	hoc-002
25022348	10746	ˈmeɖ˺ muʈə	meɖmuʈə	32603312	hoc-003
25022352	10745	ˈmijaɖ˺	mijaɖ	32603316	hoc-002
25022353	10746	ˈmijaɖ˺	mijaɖ	32603317	hoc-003
25022354	10744	ˈmijəɖ˺ hoː	mijəɖho	32603318	hoc-001
25022355	10744	ˈmijɛɖ˺	mijɛɖ	32603319	hoc-001
25022361	10744	ˈmit˺ ʧaˈᶯɖuʔ	mitʧaɳɖuʔ	32603326	hoc-001
25022362	10746	ˈmiuɽi	miuɽi	32603327	hoc-003
25022363	10744	ˈmiɖ soː	miɖso	32603328	hoc-001
25022364	10744	ˈmiː haˌʈo	mihaʈo	32603329	hoc-001
25022365	10746	ˈmiː soˑ	miso	32603330	hoc-003
25022369	10745	ˈmoʔᵒ	moʔo	32603334	hoc-002
25022370	10746	ˈmoʔᵒ	moʔo	32603335	hoc-003
25022371	10744	ˈmoːjə	mojə	32603336	hoc-001
25022372	10746	ˈmoːjə	mojə	32603337	hoc-003
25022377	10746	ˈmuʔi	muʔi	32603342	hoc-003
25022380	10745	ˈmõɛ hiˌsi	moɛhisi	32603345	hoc-002
25022384	10746	ˈnaʔᵃ	naʔa	32603349	hoc-003
25022389	10746	ˈnejə	nejə	32603354	hoc-003
25022389	10746	ˈnejə	nejə	32603355	hoc-003
25022390	10744	ˈneko do	nekodo	32603356	hoc-001
25022391	10745	ˈnentaʔ	nentaʔ	32603357	hoc-002
25022392	10746	ˈnidə	nidə	32603358	hoc-003
25022403	10745	ˈoe	oe	32603372	hoc-002
25022410	10746	ˈoɛ	oɛ	32603380	hoc-003
25022416	10746	ˈpaiʈi	paiʈi	32603386	hoc-003
25022417	10745	ˈpeʔᵉ	peʔe	32603387	hoc-002
25022418	10746	ˈpeʔᵉ	peʔe	32603388	hoc-003
25022420	10746	ˈpiːpə(ʔ)ᵊ	pipəʔə	32603390	hoc-003
25022424	10745	ˈpoʈə	poʈə	32603394	hoc-002
25022425	10746	ˈpoʈə	poʈə	32603395	hoc-003
25022432	10746	ˈramə	ramə	32603402	hoc-003
25022434	10746	ˈreɖ˺ raˌnu	reɖranu	32603404	hoc-003
25022436	10745	ˈrul biŋ ˌoŋ	rulbiŋoŋ	32603406	hoc-002
25022444	10745	ˈsaməŋ	saməŋ	32603414	hoc-002
25022459	10746	ˈsirmə	sirmə	32603430	hoc-003
25022460	10744	ˈsirmɛ	sirmɛ	32603431	hoc-001
25022461	10745	ˈsiŋ boŋˌga	siŋboŋga	32603432	hoc-002
25022462	10746	ˈsiŋ boˌᵑga	siŋboŋga	32603433	hoc-003
25022463	10744	ˈsiŋ boᵑga	siŋboŋga	32603434	hoc-001
25022465	10746	ˈsiŋgi	siŋgi	32603436	hoc-003
25022469	10745	ˈsui	sui	32603440	hoc-002
25022472	10746	ˈsunum	sunum	32603443	hoc-003
25022475	10746	ˈsupu	supu	32603446	hoc-003
25022479	10744	ˈsuːar	suar	32603450	hoc-001
25022497	10746	ˈtataŋ	tataŋ	32603468	hoc-003
25022498	10745	ˈtawa	tawa	32603469	hoc-002
25022502	10746	ˈterpa	terpa	32603473	hoc-003
25022502	10746	ˈterpa	terpa	32603474	hoc-003
25022509	10745	ˈtiː suˌpu	tisupu	32603481	hoc-002
25022510	10746	ˈtowa	towa	32603482	hoc-003
25022519	10746	ˈukə	ukə	32603491	hoc-003
25022525	10746	ˈuɽi	uɽi	32603498	hoc-003
25022526	10746	ˈuᶯɖi	uɳɖi	32603499	hoc-003
25022527	10744	ˈĩːjal	ijal	32603500	hoc-001
25022527	10744	ˈĩːjal	ijal	32603501	hoc-001
25022533	10746	ˈɖaʈə	ɖaʈə	32603507	hoc-003
25022536	10746	ˈɖipə	ɖipə	32603510	hoc-003
25022551	10746	ˈʤalə	ʤalə	32603525	hoc-003
25022555	10746	ˈʤaɛgə	ʤaɛgə	32603529	hoc-003
25022556	10746	ˈʤiβon	ʤiβon	32603530	hoc-003
25022557	10746	ˈʤoa	ʤoa	32603531	hoc-003
25022561	10746	ˈʤokə	ʤokə	32603535	hoc-003
25022562	10744	ˈʤom saˌkam	ʤomsakam	32603536	hoc-001
25022567	10746	ˈʤuɽi	ʤuɽi	32603541	hoc-003
25022571	10744	ˈʤʊwa	ʤʊwa	32603545	hoc-001
25022577	10746	ˈʧanab˺	ʧanab	32603551	hoc-003
25022591	10746	ˈʧilikə	ʧilikə	32603565	hoc-003
25022592	10744	ˈʧilikɛ	ʧilikɛ	32603566	hoc-001
25022594	10745	ˈʧilkɛ	ʧilkɛ	32603568	hoc-002
25022596	10744	ˈʧimpijər	ʧimpijər	32603570	hoc-001
25022599	10746	ˈʧuile	ʧuile	32603573	hoc-003
25023367	10744	saŋgar	saŋgar	32586497	hoc-001
25023476	10744	aˈeʔ	aeʔ	32587193	hoc-001
25023477	10744	ˈnai duːr	naidur	32587193	hoc-001
25023478	10744	aˈko	ako	32587211	hoc-001
25023479	10744	taˈko	tako	32587211	hoc-001
25023486	10746	aˈpu	apu	32587237	hoc-003
25023487	10746	aˈpaŋ	apaŋ	32587237	hoc-003
25023488	10746	ˈabə	abə	32587237	hoc-003
25023489	10746	ˈbabə	babə	32587237	hoc-003
25023490	10746	saɦˈsaː diˈri	saɦsadiri	32587251	hoc-003
25023491	10745	aˈtaŋ	ataŋ	32587260	hoc-002
25023492	10745	moloŋ	moloŋ	32587260	hoc-002
25023499	10745	ʧomboˈle	ʧombole	32587283	hoc-002
25023500	10746	ˈloʧo	loʧo	32587284	hoc-003
25023540	10744	baˈba	baba	32587732	hoc-001
25023541	10744	ʧaʊˈli	ʧaʊli	32587732	hoc-001
25023542	10744	baˈjɛr	bajɛr	32587756	hoc-001
25023542	10744	baˈjɛr	bajɛr	32596115	hoc-001
25023543	10744	ʤumˈpa	ʤumpa	32587780	hoc-001
25023593	10744	borˈʧa	borʧa	32588245	hoc-001
25023594	10744	burˈsi	bursi	32588245	hoc-001
25023601	10745	boˈra	bora	32588295	hoc-002
25023602	10745	bosta	bosta	32588295	hoc-002
25023692	10745	din	din	32589198	hoc-002
25023693	10745	ulaŋ	ulaŋ	32589198	hoc-002
25023761	10745	buɽi	buɽi	32589767	hoc-002
25023762	10744	eˈra	era	32589768	hoc-001
25023763	10744	kuˈɽi	kuɽi	32589768	hoc-001
25023771	10745	gaɳˈɖa	gaɳɖa	32589903	hoc-002
25023772	10745	rama	rama	32589903	hoc-002
25023773	10744	gaˈma	gama	32589921	hoc-001
25023774	10744	ʤarˈgi	ʤargi	32589921	hoc-001
25023775	10744	gaˈɽi	gaɽi	32589952	hoc-001
25023776	10744	moˈʈor gaˈɽi	moʈorgaɽi	32589952	hoc-001
25023865	10744	guɳˈɖɛ	guɳɖɛ	32590474	hoc-001
25023866	10744	luˈpuʔᵘ	lupuʔu	32590474	hoc-001
25023895	10744	haˈku	haku	32590855	hoc-001
25023896	10744	ˈhai	hai	32590855	hoc-001
25023897	10745	aˈʔe	aʔe	32590865	hoc-002
25023898	10744	haˈsa	hasa	32590867	hoc-001
25023899	10744	oˈte diˈsum	otedisum	32590867	hoc-001
25023900	10746	haˈsujaʔ	hasujaʔ	32590871	hoc-003
25023901	10746	haˈsutəni	hasutəni	32590871	hoc-003
25023902	10744	haˈtaŋ	hataŋ	32590872	hoc-001
25023903	10744	ˈboʔ haˌtaŋ	boʔhataŋ	32590872	hoc-001
25023908	10746	hoˈloŋ	holoŋ	32591055	hoc-003
25023909	10746	ˈaʈa	aʈa	32591055	hoc-003
25023910	10746	hoː	ho	32591084	hoc-003
25023911	10746	haːm	ham	32591084	hoc-003
25023912	10746	ˈha̝ɽəm	haɽəm	32591084	hoc-003
25023976	10746	apəˈrob˺	apərob	32591751	hoc-003
25023989	10746	kagəʤo saˈkam	kagəʤosakam	32591896	hoc-003
25023990	10746	ˈʧiʈi	ʧiʈi	32591896	hoc-003
25024026	10745	kaˈli	kali	32592098	hoc-002
25024027	10745	kala	kala	32592098	hoc-002
25024030	10745	kaˈtu	katu	32592107	hoc-002
25024031	10745	ʧaku	ʧaku	32592107	hoc-002
25024034	10746	kaː reᶮʤeˈɖoʔ puˈkuri	kareɲʤeɖoʔpukuri	32592130	hoc-003
25024035	10746	baˈⁿda	banda	32592130	hoc-003
25024038	10744	keneˈʈeʔ	keneʈeʔ	32592180	hoc-001
25024039	10744	ˈpeʔe	peʔe	32592180	hoc-001
25024088	10746	koˈto hon	kotohon	32592555	hoc-003
25024089	10746	ɖaˈᶯɖaʔᵃ	ɖaɳɖaʔa	32592555	hoc-003
25024090	10746	goˈpoɖ˺	gopoɖ	32592555	hoc-003
25024091	10744	siɲ	siɲ	32592556	hoc-001
25024136	10746	kuˈi hon	kuihon	32592866	hoc-003
25024137	10746	ˈhon kui	honkui	32592866	hoc-003
25024170	10745	kʊˈraŋ	kʊraŋ	32593171	hoc-002
25024171	10745	saɽi	saɽi	32593171	hoc-002
25024172	10746	kʊˈwa hon	kʊwahon	32593172	hoc-003
25024173	10746	ˈhon kʊwa	honkʊwa	32593172	hoc-003
25024174	10745	haːm, herel	hamherel	32593173	hoc-002
25024199	10744	laɳˈɖi	laɳɖi	32593355	hoc-001
25024200	10744	duˈbui	dubui	32593355	hoc-001
25024201	10744	ʧaˈpal	ʧapal	32593355	hoc-001
25024219	10744	leˈser	leser	32593479	hoc-001
25024220	10744	kuˈʈi	kuʈi	32593479	hoc-001
25024221	10744	maˈʧi	maʧi	32593479	hoc-001
25024257	10746	luˈki	luki	32593699	hoc-003
25024258	10746	ɖekˈʧi	ɖekʧi	32593699	hoc-003
25024261	10744	luˈtur kaˌla	luturkala	32593702	hoc-001
25024262	10744	luˈtur kaˌli	luturkali	32593702	hoc-001
25024302	10746	maˈraŋ dada	maraŋdada	32594189	hoc-003
25024303	10746	maˈraŋ bau	maraŋbau	32594189	hoc-003
25024304	10744	maˈta	mata	32594202	hoc-001
25024305	10744	gaʊ	gaʊ	32594202	hoc-001
25024337	10746	moeˈlə	moelə	32594426	hoc-003
25024338	10746	oʤˈra	oʤra	32594426	hoc-003
25024343	10744	moˈloŋ	moloŋ	32594557	hoc-001
25024344	10744	saˈmaɲ	samaɲ	32594557	hoc-001
25024371	10744	mãˑˈɖi	maɖi	32594764	hoc-001
25024372	10744	uˈtu	utu	32594764	hoc-001
25024373	10744	ʤomɪˈa	ʤomɪa	32594764	hoc-001
25024423	10745	nenaˈko	nenako	32595158	hoc-002
25024424	10745	niko	niko	32595158	hoc-002
25024430	10745	neˈna	nena	32595183	hoc-002
25024430	10745	neˈna	nena	32595184	hoc-002
25024431	10745	neja	neja	32595183	hoc-002
25024431	10745	neja	neja	32595184	hoc-002
25024455	10744	niː	ni	32595311	hoc-001
25024455	10744	niː	ni	32595312	hoc-001
25024456	10744	ˈniː duːr	nidur	32595311	hoc-001
25024456	10744	ˈniː duːr	nidur	32595312	hoc-001
25024457	10744	iˈniʔi	iniʔi	32595311	hoc-001
25024460	10744	noˈgoɖ˺	nogoɖ	32595359	hoc-001
25024461	10744	ˈsibil	sibil	32595359	hoc-001
25024474	10744	nuˈnu	nunu	32595472	hoc-001
25024502	10745	okoˈna	okona	32595695	hoc-002
25024503	10745	okoniʔ	okoniʔ	32595695	hoc-002
25024504	10745	okoˈre	okore	32595696	hoc-002
25024505	10745	okote	okote	32595696	hoc-002
25024523	10744	oˈe	oe	32595899	hoc-001
25024524	10744	ʧẽˈɽẽ	ʧeɽe	32595899	hoc-001
25024526	10745	oˈkonpa	okonpa	32595928	hoc-002
25024527	10745	okopa	okopa	32595928	hoc-002
25024528	10744	oˈkoɛ	okoɛ	32595936	hoc-001
25024529	10744	oˈkoniʔ	okoniʔ	32595936	hoc-001
25024530	10746	oˈte	ote	32595943	hoc-003
25024531	10746	piː kuɳˈʈi	pikuɳʈi	32595943	hoc-003
25024545	10744	panaːˈrom	panarom	32596029	hoc-001
25024546	10744	duˈwər	duwər	32596029	hoc-001
25024546	10744	duˈwər	duwər	32602761	hoc-001
25024553	10744	paˈga	paga	32596115	hoc-001
25024554	10745	paˈtaː	pata	32596119	hoc-002
25024555	10745	sakam	sakam	32596119	hoc-002
25024556	10744	paˈʈeɖ˺	paʈeɖ	32596121	hoc-001
25024557	10744	peˈtoŋ	petoŋ	32596121	hoc-001
25024582	10745	piː	pi	32596259	hoc-002
25024583	10745	ote	ote	32596259	hoc-002
25024596	10744	banˈda	banda	32596398	hoc-001
25024601	10744	puˈkeɖ˺ taɖa	pukeɖtaɖa	32596495	hoc-001
25024602	10744	pʊ̃aˈsi	pʊasi	32596495	hoc-001
25024603	10746	puˈkuri	pukuri	32596496	hoc-003
25024604	10746	ˈbaⁿda	banda	32596496	hoc-003
25024607	10746	pũˑl	pul	32596559	hoc-003
25024608	10746	ˈɖuɖi	ɖuɖi	32596559	hoc-003
25024635	10745	reɖ˺	reɖ	32596922	hoc-002
25024636	10745	ranu	ranu	32596922	hoc-002
25024650	10744	roˈko	roko	32597014	hoc-001
25024651	10744	karˈʧuʔ	karʧuʔ	32597014	hoc-001
25024692	10744	samud˺ˈdoːr	samuddor	32597395	hoc-001
25024693	10744	doreˈja	doreja	32597395	hoc-001
25024711	10744	saˈᶯɖi	saɳɖi	32597639	hoc-001
25024712	10744	ˈmanoa	manoa	32597639	hoc-001
25024735	10745	seˈpeɖ˺	sepeɖ	32597802	hoc-002
25024736	10745	hapanum	hapanum	32597802	hoc-002
25024737	10744	seˈtaʔ	setaʔ	32597816	hoc-001
25024738	10744	seta ˈpaŋ	setapaŋ	32597816	hoc-001
25024778	10745	siʈiˈjɛ	siʈijɛ	32598104	hoc-002
25024779	10745	hon	hon	32598104	hoc-002
25024780	10744	siˈku	siku	32598116	hoc-001
25024781	10744	tiˈli	tili	32598116	hoc-001
25024788	10744	soboˈdo	sobodo	32598168	hoc-001
25024788	10744	soboˈdo	sobodo	32598169	hoc-001
25024789	10744	saˈɖi sobodo	saɖisobodo	32598168	hoc-001
25024790	10744	saˈɖi	saɖi	32598169	hoc-001
25024809	10744	soˈmaɛ	somaɛ	32598301	hoc-001
25024810	10744	dipiˈle	dipile	32598301	hoc-001
25024845	10744	suˈmən	sumən	32598622	hoc-001
25024846	10744	somˈtol	somtol	32598622	hoc-001
25024847	10744	ɖaˈkuɖ˺	ɖakuɖ	32598622	hoc-001
25024883	10745	tapauˈʔi	tapauʔi	32599017	hoc-002
25024884	10745	eperaŋ	eperaŋ	32599017	hoc-002
25024894	10744	taˈjom	tajom	32599097	hoc-001
25024895	10744	uˈsə ʧanab˺	usəʧanab	32599097	hoc-001
25024896	10744	taˈra	tara	32599111	hoc-001
25024897	10744	aˈdʰa	adha	32599111	hoc-001
25024954	10744	toˈroeʔ	toroeʔ	32599556	hoc-001
25024955	10744	seˈᵑgel toˈroeʔ	seŋgeltoroeʔ	32599556	hoc-001
25024956	10746	toˈrəi	torəi	32599563	hoc-003
25024957	10746	kaˈpi	kapi	32599563	hoc-003
25024995	10744	tuˈkɛ	tukɛ	32599726	hoc-001
25024996	10744	busuˈʔu	busuʔu	32599726	hoc-001
25025061	10744	uˈlɛŋ	ulɛŋ	32600327	hoc-001
25025062	10744	muˈsiɲ	musiɲ	32600327	hoc-001
25025063	10745	uːb˺	ub	32600363	hoc-002
25025064	10745	bale	bale	32600363	hoc-002
25025103	10744	hartaˈʔa	hartaʔa	32600624	hoc-001
25025104	10746	harˈtaʔᵃ	hartaʔa	32600625	hoc-003
25025209	10744	ɖaɳʈʰoˈla	ɖaɳʈhola	32601165	hoc-001
25025210	10744	goˈpeɖ˺	gopeɖ	32601165	hoc-001
25025229	10744	ɖʊŋˈga	ɖʊŋga	32601349	hoc-001
25025230	10744	lauˈka	lauka	32601349	hoc-001
25025253	10744	ʊˈwəʔ	ʊwəʔ	32602761	hoc-001
25025257	10746	ʤaŋˈgəla	ʤaŋgəla	32602805	hoc-003
25025258	10746	ˈkiɽki	kiɽki	32602805	hoc-003
25025261	10745	ʤiˈjɛŋ	ʤijɛŋ	32602848	hoc-002
25025262	10745	nana	nana	32602848	hoc-002
25025263	10744	ʤiː	ʤi	32602871	hoc-001
25025264	10744	ʤiˈbon	ʤibon	32602871	hoc-001
25025265	10744	ʤoː	ʤo	32602899	hoc-001
25025266	10744	hiˈte	hite	32602899	hoc-001
25025271	10744	ʧaˈku	ʧaku	32602972	hoc-001
25025272	10744	kaˈtu	katu	32602972	hoc-001
25025275	10744	ʧiˈmin	ʧimin	32603036	hoc-001
25025276	10744	ʧiˈminaŋ	ʧiminaŋ	32603036	hoc-001
25025279	10745	ʧuiˈlɛ	ʧuilɛ	32603055	hoc-002
25025280	10745	ʧimitaŋ	ʧimitaŋ	32603055	hoc-002
25025281	10744	ʧũˈwə	ʧuwə	32603059	hoc-001
25025282	10744	daʔa ˈsuɖ˺	daʔasuɖ	32603059	hoc-001
25025283	10744	ʧɪˈnaʔᵃ	ʧɪnaʔa	32603061	hoc-001
25025284	10744	okoˈna	okona	32603061	hoc-001
25025292	10746	ˈboː ʧuʈə	boʧuʈə	32603125	hoc-003
25025293	10746	moˈloŋ	moloŋ	32603125	hoc-003
25025294	10746	ˈbursi	bursi	32603132	hoc-003
25025295	10746	ˈborʧə	borʧə	32603132	hoc-003
25025306	10746	ˈeŋga	eŋga	32603172	hoc-003
25025307	10746	jaŋ	jaŋ	32603172	hoc-003
25025308	10746	mãː	ma	32603172	hoc-003
25025309	10746	ˈguⁿɖə	gunɖə	32603191	hoc-003
25025310	10746	luˈpuʔ	lupuʔ	32603191	hoc-003
25025315	10745	terpa	terpa	32603210	hoc-002
25025316	10746	ˈkũˑə	kuə	32603265	hoc-003
25025317	10746	daʔᵃˈsuˑɽ	daʔasuɽ	32603265	hoc-003
25025318	10744	ˈmeɖ muˌʈɛ	meɖmuʈɛ	32603304	hoc-001
25025319	10744	ˈmeɖ muˌʧa	meɖmuʧa	32603304	hoc-001
25025320	10746	ˈmuʈə	muʈə	32603340	hoc-003
25025321	10746	ˈmuə	muə	32603340	hoc-003
25025322	10745	ˈmuʔi	muʔi	32603341	hoc-002
25025323	10745	ʈoɳʈo	ʈoɳʈo	32603341	hoc-002
25025326	10744	ˈol saˈkam	olsakam	32603374	hoc-001
25025327	10744	kagəˈʤo	kagəʤo	32603374	hoc-001
25025328	10744	ˈoːpa	opa	32603385	hoc-001
25025329	10744	oˈkonpa	okonpa	32603385	hoc-001
25025330	10744	ˈpiːpaː	pipa	32603389	hoc-001
25025331	10744	kuɳˈɖi	kuɳɖi	32603389	hoc-001
25025332	10744	gʊˈɽa	gʊɽa	32603389	hoc-001
25025333	10746	ˈpoisə	poisə	32603391	hoc-003
25025334	10746	ˈʈəka	ʈəka	32603391	hoc-003
25025335	10746	ˈpukəɖ˺	pukəɖ	32603396	hoc-003
25025336	10746	pʊ̃aˈsi	pʊasi	32603396	hoc-003
25025342	10746	ˈta̝lə	talə	32603472	hoc-003
25025343	10746	ˈserom	serom	32603472	hoc-003
25025344	10744	ˈtiː gaɳˈɖa	tigaɳɖa	32603480	hoc-001
25025345	10744	aŋgʊˈɽi	aŋgʊɽi	32603480	hoc-001
25025350	10744	ˈʤʰinuk	ʤhinuk	32603548	hoc-001
25025351	10744	ʤimˈki	ʤimki	32603548	hoc-001
25025354	10746	ˈʧidu	ʧidu	32603563	hoc-003
25025355	10746	ˈba̝ʈə	baʈə	32603563	hoc-003
25025356	10744	ˈʧimitaŋ	ʧimitaŋ	32603569	hoc-001
25025357	10744	ˈʧimitɛ	ʧimitɛ	32603569	hoc-001
25025358	10744	ʧuiˈlɛ	ʧuilɛ	32603569	hoc-001
18588452	3236	Ho	ho	35679218	hoc-000
18610430	3236	abu	abu	20033907	hoc-000
17489723	3236	aeá	aea	37566321	hoc-000
18610431	3236	ale	ale	20033907	hoc-000
18610432	3236	alin	alin	20033907	hoc-000
18610433	3236	alna	alna	20033907	hoc-000
18605569	3236	am	am	20031130	hoc-000
18600786	3236	an	an	20031129	hoc-000
17473344	3236	apeá	apea	37566317	hoc-000
17497095	3236	areá	area	37566323	hoc-000
18737594	3236	ayum	ayum	20033962	hoc-000
18622558	3236	bar	bar	20033916	hoc-000
18622559	3236	bariya	bariya	20033916	hoc-000
18787833	3236	buru	buru	20033990	hoc-000
17468825	3236	báriá	baria	37566316	hoc-000
18765973	3236	da	da	20033979	hoc-000
18648368	3236	daru	daru	20033927	hoc-000
18696319	3236	data reseke	datareseke	20033947	hoc-000
18771251	3236	diri	diri	20033981	hoc-000
18675021	3236	diri5	diri5	20033938	hoc-000
17500711	3236	geleá	gelea	37566324	hoc-000
18743113	3236	gojo	gojo	20033965	hoc-000
18633509	3236	hai	hai	20033923	hoc-000
18633510	3236	haku	haku	20033923	hoc-000
18783082	3236	hatiya	hatiya	20033989	hoc-000
18783083	3236	hora	hora	20033989	hoc-000
18749280	3236	huju	huju	20033970	hoc-000
18722228	3236	im	im	20033957	hoc-000
18760914	3236	ipil	ipil	20033978	hoc-000
17493399	3236	iriliá	irilia	37566322	hoc-000
18670016	3236	jan	jan	20033935	hoc-000
18717192	3236	kuwam	kuwam	20033955	hoc-000
18701569	3236	le	le	20033948	hoc-000
18680084	3236	lutur	lutur	20033943	hoc-000
18664803	3236	mayom	mayom	20033934	hoc-000
18685461	3236	med	med	20033944	hoc-000
18685461	3236	med	med	20033961	hoc-000
18617502	3236	mi	mi	20033915	hoc-000
17464319	3236	miad	miad	37566315	hoc-000
18617503	3236	mid	mid	20033915	hoc-000
18617504	3236	mido	mido	20033915	hoc-000
18617505	3236	miyad	miyad	20033915	hoc-000
17481923	3236	moiá	moia	37566319	hoc-000
18707155	3236	mukui	mukui	20033951	hoc-000
18690720	3236	muta	muta	20033945	hoc-000
18690721	3236	muwa	muwa	20033945	hoc-000
18802845	3236	nama	nama	20034000	hoc-000
18732403	3236	nel	nel	20033961	hoc-000
18793822	3236	nida	nida	20033996	hoc-000
18793823	3236	nidapaN	nidapan	20033996	hoc-000
18726664	3236	nu	nu	20033958	hoc-000
18808334	3236	numu	numu	20034004	hoc-000
18808335	3236	nutum	nutum	20034004	hoc-000
18653504	3236	pata	pata	20033929	hoc-000
18799115	3236	pere	pere	20033999	hoc-000
18653505	3236	sakam	sakam	20033929	hoc-000
18777489	3236	sengel	sengel	20033986	hoc-000
18638940	3236	seta	seta	20033925	hoc-000
18771252	3236	sigid	sigid	20033981	hoc-000
18643864	3236	siku	siku	20033926	hoc-000
18755793	3236	singi	singi	20033976	hoc-000
18711596	3236	ti	ti	20033952	hoc-000
18717193	3236	towa	towa	20033955	hoc-000
17485915	3236	turuiá	turuia	37566320	hoc-000
18659164	3236	u*r	ur	20033932	hoc-000
17477727	3236	upuniá	upunia	37566318	hoc-000
23009751	3236	cini	cini	27947240	hoc-000
23041245	3236	दः	द	27959307	hoc-000
